id,insurer_id,name,description,coverage_summary,status,is_demo,natural_key_plan_id
4aea58a3-f1c6-5669-b717-3d6514969da2,81145748-de94-5397-a7f9-599ea9ec048f,GMM Tarifa 10K - Austro,producto=GMM; variante=nan; red=nan; maternidad=nan; region=Austro,,active,False,BMI-GMM-AUSTRO-TARIFA-10K
54183554-c205-5db4-94b3-e6e41eef9ff9,81145748-de94-5397-a7f9-599ea9ec048f,GMM Tarifa 10K - Costa,producto=GMM; variante=nan; red=nan; maternidad=nan; region=Costa,,active,False,BMI-GMM-COSTA-TARIFA-10K
c3795d5e-d9c1-5fdf-a004-ee514b1a8ada,81145748-de94-5397-a7f9-599ea9ec048f,GMM Tarifa 10K - Sierra,producto=GMM; variante=nan; red=nan; maternidad=nan; region=Sierra,,active,False,BMI-GMM-SIERRA-TARIFA-10K
6515cfc8-e334-581a-a9fa-e7f8a1afdab3,81145748-de94-5397-a7f9-599ea9ec048f,GMM Tarifa 15K - Austro,producto=GMM; variante=nan; red=nan; maternidad=nan; region=Austro,,active,False,BMI-GMM-AUSTRO-TARIFA-15K
b04f549c-93a5-584a-b965-f14de4b7ef8f,81145748-de94-5397-a7f9-599ea9ec048f,GMM Tarifa 15K - Costa,producto=GMM; variante=nan; red=nan; maternidad=nan; region=Costa,,active,False,BMI-GMM-COSTA-TARIFA-15K
ab207e8f-8959-5745-a505-381bd87f4d93,81145748-de94-5397-a7f9-599ea9ec048f,GMM Tarifa 15K - Sierra,producto=GMM; variante=nan; red=nan; maternidad=nan; region=Sierra,,active,False,BMI-GMM-SIERRA-TARIFA-15K
89cea1ee-0aa6-54de-bfcd-73defc750eeb,81145748-de94-5397-a7f9-599ea9ec048f,GMM Tarifa 20K - Austro,producto=GMM; variante=nan; red=nan; maternidad=nan; region=Austro,,active,False,BMI-GMM-AUSTRO-TARIFA-20K
cbdc9fc6-d9ca-57a9-9424-d5396cb3e042,81145748-de94-5397-a7f9-599ea9ec048f,GMM Tarifa 20K - Costa,producto=GMM; variante=nan; red=nan; maternidad=nan; region=Costa,,active,False,BMI-GMM-COSTA-TARIFA-20K
2aa13553-a52a-5512-a9d1-3fcab7364630,81145748-de94-5397-a7f9-599ea9ec048f,GMM Tarifa 20K - Sierra,producto=GMM; variante=nan; red=nan; maternidad=nan; region=Sierra,,active,False,BMI-GMM-SIERRA-TARIFA-20K
97006616-2491-5ec8-b9fe-52fe5cd3c7d1,81145748-de94-5397-a7f9-599ea9ec048f,GMM Tarifa 5K - Austro,producto=GMM; variante=nan; red=nan; maternidad=nan; region=Austro,,active,False,BMI-GMM-AUSTRO-TARIFA-5K
d9ef2728-4cd9-5126-af6e-1290f6985582,81145748-de94-5397-a7f9-599ea9ec048f,GMM Tarifa 5K - Costa,producto=GMM; variante=nan; red=nan; maternidad=nan; region=Costa,,active,False,BMI-GMM-COSTA-TARIFA-5K
f4fdc5b2-a8d1-56a1-bd74-1bbf97846aa1,81145748-de94-5397-a7f9-599ea9ec048f,GMM Tarifa 5K - Sierra,producto=GMM; variante=nan; red=nan; maternidad=nan; region=Sierra,,active,False,BMI-GMM-SIERRA-TARIFA-5K
0d85fa59-fa5a-5701-aa86-fc42401974a0,81145748-de94-5397-a7f9-599ea9ec048f,INNOVA D250 - Austro,producto=INNOVA; variante=nan; red=nan; maternidad=nan; region=Austro,,active,False,BMI-INNOVA-AUSTRO-D250
603fdf13-6146-5a1f-a1f1-ced4e7edc869,81145748-de94-5397-a7f9-599ea9ec048f,INNOVA D250 - Costa,producto=INNOVA; variante=nan; red=nan; maternidad=nan; region=Costa,,active,False,BMI-INNOVA-COSTA-D250
f21915c9-c09a-54b5-8c58-efe8cedf4ae3,81145748-de94-5397-a7f9-599ea9ec048f,INNOVA D250 - Sierra,producto=INNOVA; variante=nan; red=nan; maternidad=nan; region=Sierra,,active,False,BMI-INNOVA-SIERRA-D250
ac298936-c1ee-5d5f-9fa8-e3de95da2466,81145748-de94-5397-a7f9-599ea9ec048f,SIGMA D1000 - Austro,producto=SIGMA; variante=nan; red=nan; maternidad=nan; region=Austro,,active,False,BMI-SIGMA-AUSTRO-D1000
80348c59-2421-539a-b81c-7abeae017325,81145748-de94-5397-a7f9-599ea9ec048f,SIGMA D1000 - Costa,producto=SIGMA; variante=nan; red=nan; maternidad=nan; region=Costa,,active,False,BMI-SIGMA-COSTA-D1000
a6608c98-a31a-59dc-a750-417c3bca1d3a,81145748-de94-5397-a7f9-599ea9ec048f,SIGMA D1000 - Sierra,producto=SIGMA; variante=nan; red=nan; maternidad=nan; region=Sierra,,active,False,BMI-SIGMA-SIERRA-D1000
2c5c6452-767b-57ec-8745-72685c466424,81145748-de94-5397-a7f9-599ea9ec048f,SIGMA D150 - Austro,producto=SIGMA; variante=nan; red=nan; maternidad=nan; region=Austro,,active,False,BMI-SIGMA-AUSTRO-D150
cc069171-dfc5-5563-86de-9c00bd2f3369,81145748-de94-5397-a7f9-599ea9ec048f,SIGMA D150 - Costa,producto=SIGMA; variante=nan; red=nan; maternidad=nan; region=Costa,,active,False,BMI-SIGMA-COSTA-D150
530f6862-cd6f-5b11-801a-3e49e259bfde,81145748-de94-5397-a7f9-599ea9ec048f,SIGMA D150 - Sierra,producto=SIGMA; variante=nan; red=nan; maternidad=nan; region=Sierra,,active,False,BMI-SIGMA-SIERRA-D150
baea65f3-f082-540c-a9fd-b265342f160e,81145748-de94-5397-a7f9-599ea9ec048f,SIGMA D2000 - Austro,producto=SIGMA; variante=nan; red=nan; maternidad=nan; region=Austro,,active,False,BMI-SIGMA-AUSTRO-D2000
d558da85-1e14-57d8-8755-28e8b05624ff,81145748-de94-5397-a7f9-599ea9ec048f,SIGMA D2000 - Costa,producto=SIGMA; variante=nan; red=nan; maternidad=nan; region=Costa,,active,False,BMI-SIGMA-COSTA-D2000
e4f4ffc5-0aa3-5360-8c90-2f4fdd0a52d9,81145748-de94-5397-a7f9-599ea9ec048f,SIGMA D2000 - Sierra,producto=SIGMA; variante=nan; red=nan; maternidad=nan; region=Sierra,,active,False,BMI-SIGMA-SIERRA-D2000
fcc7b3d6-624b-5b12-b85a-f84b07af1623,81145748-de94-5397-a7f9-599ea9ec048f,SIGMA D250 - Austro,producto=SIGMA; variante=nan; red=nan; maternidad=nan; region=Austro,,active,False,BMI-SIGMA-AUSTRO-D250
a68c960b-00b8-5618-b133-f0828fba8cf9,81145748-de94-5397-a7f9-599ea9ec048f,SIGMA D250 - Costa,producto=SIGMA; variante=nan; red=nan; maternidad=nan; region=Costa,,active,False,BMI-SIGMA-COSTA-D250
37a0d5ea-7430-5608-92e8-d4cef09c7a6e,81145748-de94-5397-a7f9-599ea9ec048f,SIGMA D250 - Sierra,producto=SIGMA; variante=nan; red=nan; maternidad=nan; region=Sierra,,active,False,BMI-SIGMA-SIERRA-D250
36280535-b4ef-59ad-b7a9-1582a97a09a8,81145748-de94-5397-a7f9-599ea9ec048f,SIGMA D500 - Austro,producto=SIGMA; variante=nan; red=nan; maternidad=nan; region=Austro,,active,False,BMI-SIGMA-AUSTRO-D500
1e9f2626-fc18-5d40-b7ec-9b137ac6a687,81145748-de94-5397-a7f9-599ea9ec048f,SIGMA D500 - Costa,producto=SIGMA; variante=nan; red=nan; maternidad=nan; region=Costa,,active,False,BMI-SIGMA-COSTA-D500
980d2ab2-2359-53a5-a723-1e69daecb601,81145748-de94-5397-a7f9-599ea9ec048f,SIGMA D500 - Sierra,producto=SIGMA; variante=nan; red=nan; maternidad=nan; region=Sierra,,active,False,BMI-SIGMA-SIERRA-D500
d8a297bb-6ae9-5559-9085-dbd3f71ac992,81145748-de94-5397-a7f9-599ea9ec048f,SIGMA I150 - Austro,producto=SIGMA; variante=nan; red=nan; maternidad=nan; region=Austro,,active,False,BMI-SIGMA-AUSTRO-I150
193b64ba-8774-508f-a38d-6f7b68ac8d34,81145748-de94-5397-a7f9-599ea9ec048f,SIGMA I150 - Costa,producto=SIGMA; variante=nan; red=nan; maternidad=nan; region=Costa,,active,False,BMI-SIGMA-COSTA-I150
0bcb019d-8e83-5722-aaff-46872578d66c,81145748-de94-5397-a7f9-599ea9ec048f,SIGMA I150 - Sierra,producto=SIGMA; variante=nan; red=nan; maternidad=nan; region=Sierra,,active,False,BMI-SIGMA-SIERRA-I150
33d740fa-f7ab-5f24-8222-32a6f63dd285,69541888-9fab-5f36-8fb9-b8cf50949743,ConfiPlus 10K RED1,producto=ConfiPlus; variante=nan; red=RED1; maternidad=No; region=Nacional,,active,False,CONF-CONFIPLUS-10K-RED1-BASE
e5a17b96-4679-523d-b461-c570c490495b,69541888-9fab-5f36-8fb9-b8cf50949743,ConfiPlus 10K RED1 con maternidad,producto=ConfiPlus; variante=nan; red=RED1; maternidad=Si; region=Nacional,,active,False,CONF-CONFIPLUS-10K-RED1-MAT
8ea58746-a260-57f4-ad7b-1857bdaa86c7,69541888-9fab-5f36-8fb9-b8cf50949743,ConfiPlus 10K RED2,producto=ConfiPlus; variante=nan; red=RED2; maternidad=No; region=Nacional,,active,False,CONF-CONFIPLUS-10K-RED2-BASE
3d969784-1ff6-5274-bd09-9b3a7596bbcc,69541888-9fab-5f36-8fb9-b8cf50949743,ConfiPlus 10K RED2 con maternidad,producto=ConfiPlus; variante=nan; red=RED2; maternidad=Si; region=Nacional,,active,False,CONF-CONFIPLUS-10K-RED2-MAT
b68be0e8-05c3-52fa-8c57-ddda767b471a,69541888-9fab-5f36-8fb9-b8cf50949743,ConfiPlus 110K RED1 TOP,producto=ConfiPlus; variante=nan; red=RED1 TOP; maternidad=No; region=Nacional,,active,False,CONF-CONFIPLUS-110K-RED1-TOP-BASE
043b96c5-ccfa-535f-9cc2-a902d535d459,69541888-9fab-5f36-8fb9-b8cf50949743,ConfiPlus 110K RED1 TOP con maternidad,producto=ConfiPlus; variante=nan; red=RED1 TOP; maternidad=Si; region=Nacional,,active,False,CONF-CONFIPLUS-110K-RED1-TOP-MAT
19d68aed-4eef-5491-8ba4-3d4e44d7babd,69541888-9fab-5f36-8fb9-b8cf50949743,ConfiPlus 110K RED2,producto=ConfiPlus; variante=nan; red=RED2; maternidad=No; region=Nacional,,active,False,CONF-CONFIPLUS-110K-RED2-BASE
1588a862-52f9-5955-ae92-509a23add8a0,69541888-9fab-5f36-8fb9-b8cf50949743,ConfiPlus 110K RED2 con maternidad,producto=ConfiPlus; variante=nan; red=RED2; maternidad=Si; region=Nacional,,active,False,CONF-CONFIPLUS-110K-RED2-MAT
21da5d92-0eff-52bf-a03a-9fcb50d66360,69541888-9fab-5f36-8fb9-b8cf50949743,ConfiPlus 30K RED1 TOP,producto=ConfiPlus; variante=nan; red=RED1 TOP; maternidad=No; region=Nacional,,active,False,CONF-CONFIPLUS-30K-RED1-TOP-BASE
04af36a8-1624-5e39-8ea4-62ce890cd37e,69541888-9fab-5f36-8fb9-b8cf50949743,ConfiPlus 30K RED1 TOP con maternidad,producto=ConfiPlus; variante=nan; red=RED1 TOP; maternidad=Si; region=Nacional,,active,False,CONF-CONFIPLUS-30K-RED1-TOP-MAT
425f82ae-0f4f-5f76-a1d5-ed292baeffd4,69541888-9fab-5f36-8fb9-b8cf50949743,ConfiPlus 30K RED2,producto=ConfiPlus; variante=nan; red=RED2; maternidad=No; region=Nacional,,active,False,CONF-CONFIPLUS-30K-RED2-BASE
b9b229eb-d014-55f5-8853-8be19c513f35,69541888-9fab-5f36-8fb9-b8cf50949743,ConfiPlus 30K RED2 con maternidad,producto=ConfiPlus; variante=nan; red=RED2; maternidad=Si; region=Nacional,,active,False,CONF-CONFIPLUS-30K-RED2-MAT
6161754d-4e43-5c6b-a16a-50773a112fcc,69541888-9fab-5f36-8fb9-b8cf50949743,ConfiPlus 60K RED2,producto=ConfiPlus; variante=nan; red=RED2; maternidad=No; region=Nacional,,active,False,CONF-CONFIPLUS-60K-RED2-BASE
9e32d635-b005-5ced-808b-5445dde51995,69541888-9fab-5f36-8fb9-b8cf50949743,ConfiPlus 60K RED1 TOP,producto=ConfiPlus; variante=nan; red=RED1 TOP; maternidad=No; region=Nacional,,active,False,CONF-CONFIPLUS-60K-RED1-TOP-BASE
6f76f0e3-b02b-5c05-9f1b-d4d38b159414,69541888-9fab-5f36-8fb9-b8cf50949743,ConfiPlus 60K RED1 TOP con maternidad,producto=ConfiPlus; variante=nan; red=RED1 TOP; maternidad=Si; region=Nacional,,active,False,CONF-CONFIPLUS-60K-RED1-TOP-MAT
ceefb43a-06c4-5f73-b300-5c4e460ec36e,69541888-9fab-5f36-8fb9-b8cf50949743,ConfiPlus 60K RED2 con maternidad,producto=ConfiPlus; variante=nan; red=RED2; maternidad=Si; region=Nacional,,active,False,CONF-CONFIPLUS-60K-RED2-MAT
0224ccfb-90c3-57f6-86a4-1ac235c0e017,69541888-9fab-5f36-8fb9-b8cf50949743,"GMM cobertura $500.000 - deducible $10,000",producto=GMM; variante=Venta nueva y renovacion 1 anio; red=nan; maternidad=nan; region=Nacional,,active,False,CONF-GMM-DED10K-V1
0f092f28-2b63-531d-b4e2-1107e58f9eb0,69541888-9fab-5f36-8fb9-b8cf50949743,"GMM cobertura $500.000 - deducible $10,000",producto=GMM; variante=Renovacion 2 anios o mas; red=nan; maternidad=nan; region=Nacional,,active,False,CONF-GMM-DED10K-R2
57628b2e-af45-58e9-90b7-ec0f372d12e0,69541888-9fab-5f36-8fb9-b8cf50949743,"GMM cobertura $500.000 - deducible $5,000",producto=GMM; variante=Venta nueva y renovacion 1 anio; red=nan; maternidad=nan; region=Nacional,,active,False,CONF-GMM-DED5K-V1
2e43dec7-52a0-5e97-a498-98318a073094,69541888-9fab-5f36-8fb9-b8cf50949743,"GMM cobertura $500.000 - deducible $5,000",producto=GMM; variante=Renovacion 2 anios o mas; red=nan; maternidad=nan; region=Nacional,,active,False,CONF-GMM-DED5K-R2
6aafeed3-9faa-5b6c-80ec-3dfe3e584cf2,843abebc-6ac7-56c9-bc33-b0a9e1418d7d,PRO150-1000 WALLET,producto=PRO150-1000; variante=Wallet; red=nan; maternidad=nan; region=Nacional,,active,False,SALUD-PRO150-1000-WALLET
8ee49064-156c-5b59-8001-279836f1bf37,843abebc-6ac7-56c9-bc33-b0a9e1418d7d,PRO150-150,producto=PRO150-150; variante=Nuevos; red=nan; maternidad=nan; region=Nacional,,active,False,SALUD-PRO150-150
07f5a297-9c64-52bf-bf73-8e7ee786430f,843abebc-6ac7-56c9-bc33-b0a9e1418d7d,PRO150-150 LITE,producto=PRO150-150; variante=Lite; red=nan; maternidad=nan; region=Nacional,,active,False,SALUD-PRO150-150-LITE
f08cebad-b279-50d5-bf0c-e868c6ec92bc,843abebc-6ac7-56c9-bc33-b0a9e1418d7d,PRO150-150-10K,producto=PRO150-150; variante=Nuevos; red=nan; maternidad=nan; region=Nacional,,active,False,SALUD-PRO150-150-10K
ecfd5faa-5d5b-5c63-bbf9-919018eebbae,843abebc-6ac7-56c9-bc33-b0a9e1418d7d,PRO150-150-2500,producto=PRO150-150; variante=Nuevos; red=nan; maternidad=nan; region=Nacional,,active,False,SALUD-PRO150-150-2500
cec2ee50-3505-589e-8593-c538e7b7fd28,843abebc-6ac7-56c9-bc33-b0a9e1418d7d,PRO150-150-5000,producto=PRO150-150; variante=Nuevos; red=nan; maternidad=nan; region=Nacional,,active,False,SALUD-PRO150-150-5000
bd14fd24-b0cb-5617-b15c-5d6f01f49f57,843abebc-6ac7-56c9-bc33-b0a9e1418d7d,PRO150-1500 RET,producto=PRO150-1500; variante=Nuevos; red=nan; maternidad=nan; region=Nacional,,active,False,SALUD-PRO150-1500-RET
209f5185-5f44-5021-8e25-0e510e09ffc6,843abebc-6ac7-56c9-bc33-b0a9e1418d7d,PRO150-1500 WALLET,producto=PRO150-1500; variante=Wallet; red=nan; maternidad=nan; region=Nacional,,active,False,SALUD-PRO150-1500-WALLET
10577ce6-049f-55a2-9385-c4d167340fea,843abebc-6ac7-56c9-bc33-b0a9e1418d7d,PRO150-300,producto=PRO150-300; variante=Nuevos; red=nan; maternidad=nan; region=Nacional,,active,False,SALUD-PRO150-300
abf1375a-df4a-52d3-b12e-2028c9aa8f91,843abebc-6ac7-56c9-bc33-b0a9e1418d7d,PRO150-300 LITE,producto=PRO150-300; variante=Lite; red=nan; maternidad=nan; region=Nacional,,active,False,SALUD-PRO150-300-LITE
3e18bba4-736a-563c-ae03-9edbd1a087cd,843abebc-6ac7-56c9-bc33-b0a9e1418d7d,PRO150-300-10K,producto=PRO150-300; variante=Nuevos; red=nan; maternidad=nan; region=Nacional,,active,False,SALUD-PRO150-300-10K
650d1212-1ee1-52bc-aa03-cedd07c890fe,843abebc-6ac7-56c9-bc33-b0a9e1418d7d,PRO150-300-1500 RET,producto=PRO150-300; variante=Nuevos; red=nan; maternidad=nan; region=Nacional,,active,False,SALUD-PRO150-300-1500-RET
1bd5d1e1-7f02-57be-8f53-95c9d30a05c6,843abebc-6ac7-56c9-bc33-b0a9e1418d7d,PRO150-300-2500,producto=PRO150-300; variante=Nuevos; red=nan; maternidad=nan; region=Nacional,,active,False,SALUD-PRO150-300-2500
4f2cf488-0ffc-5b5f-a952-d58e82314fc2,843abebc-6ac7-56c9-bc33-b0a9e1418d7d,PRO150-300-5000,producto=PRO150-300; variante=Nuevos; red=nan; maternidad=nan; region=Nacional,,active,False,SALUD-PRO150-300-5000
8c348f83-0a3a-56a3-ac3c-a83b38896994,843abebc-6ac7-56c9-bc33-b0a9e1418d7d,PRO150-500 WALLET,producto=PRO150-500; variante=Wallet; red=nan; maternidad=nan; region=Nacional,,active,False,SALUD-PRO150-500-WALLET
f3c59d94-4fd8-5a71-8442-c093ba42a826,843abebc-6ac7-56c9-bc33-b0a9e1418d7d,PRO500-1000 WALLET,producto=PRO500-1000; variante=Wallet; red=nan; maternidad=nan; region=Nacional,,active,False,SALUD-PRO500-1000-WALLET
b7e061af-de6e-556f-a92f-c032587732ec,843abebc-6ac7-56c9-bc33-b0a9e1418d7d,PRO500-1500 WALLET,producto=PRO500-1500; variante=Wallet; red=nan; maternidad=nan; region=Nacional,,active,False,SALUD-PRO500-1500-WALLET
881c09a6-2908-56c8-9137-2e27db7b4e16,843abebc-6ac7-56c9-bc33-b0a9e1418d7d,PRO500-200,producto=PRO500-200; variante=Nuevos; red=nan; maternidad=nan; region=Nacional,,active,False,SALUD-PRO500-200
4896e022-a7df-5e04-8409-64e5328433f2,843abebc-6ac7-56c9-bc33-b0a9e1418d7d,PRO500-200 LITE,producto=PRO500-200; variante=Lite; red=nan; maternidad=nan; region=Nacional,,active,False,SALUD-PRO500-200-LITE
ca0e19e2-a020-536a-a5b6-004884a42047,843abebc-6ac7-56c9-bc33-b0a9e1418d7d,PRO500-200-10K,producto=PRO500-200; variante=Nuevos; red=nan; maternidad=nan; region=Nacional,,active,False,SALUD-PRO500-200-10K
707e3071-1211-512a-b76a-81f91e22b0ed,843abebc-6ac7-56c9-bc33-b0a9e1418d7d,PRO500-200-1500 RET,producto=PRO500-200; variante=Nuevos; red=nan; maternidad=nan; region=Nacional,,active,False,SALUD-PRO500-200-1500-RET
b00d5fc4-a935-56b9-b1dc-16a0a59cd766,843abebc-6ac7-56c9-bc33-b0a9e1418d7d,PRO500-200-2500,producto=PRO500-200; variante=Nuevos; red=nan; maternidad=nan; region=Nacional,,active,False,SALUD-PRO500-200-2500
e1194280-9878-516e-a991-bc329ea43028,843abebc-6ac7-56c9-bc33-b0a9e1418d7d,PRO500-200-5000,producto=PRO500-200; variante=Nuevos; red=nan; maternidad=nan; region=Nacional,,active,False,SALUD-PRO500-200-5000
68f4abcf-d09a-5014-9eea-93124f3104ef,843abebc-6ac7-56c9-bc33-b0a9e1418d7d,PRO500-400,producto=PRO500-400; variante=Nuevos; red=nan; maternidad=nan; region=Nacional,,active,False,SALUD-PRO500-400
a134c6e5-ee24-5b5f-b948-1ad1900177a1,843abebc-6ac7-56c9-bc33-b0a9e1418d7d,PRO500-400 LITE,producto=PRO500-400; variante=Lite; red=nan; maternidad=nan; region=Nacional,,active,False,SALUD-PRO500-400-LITE
810e6b49-b29c-5f4e-a47f-6c6646338bb0,843abebc-6ac7-56c9-bc33-b0a9e1418d7d,PRO500-400-10K,producto=PRO500-400; variante=Nuevos; red=nan; maternidad=nan; region=Nacional,,active,False,SALUD-PRO500-400-10K
f70e9978-a6fe-5402-94c1-0742c1424202,843abebc-6ac7-56c9-bc33-b0a9e1418d7d,PRO500-400-1500 RET,producto=PRO500-400; variante=Nuevos; red=nan; maternidad=nan; region=Nacional,,active,False,SALUD-PRO500-400-1500-RET
0e3bed79-3e46-505f-b5a1-10d0af97a5da,843abebc-6ac7-56c9-bc33-b0a9e1418d7d,PRO500-400-2500,producto=PRO500-400; variante=Nuevos; red=nan; maternidad=nan; region=Nacional,,active,False,SALUD-PRO500-400-2500
93086ef6-691e-56a1-90d1-79e78f933563,843abebc-6ac7-56c9-bc33-b0a9e1418d7d,PRO500-400-5000,producto=PRO500-400; variante=Nuevos; red=nan; maternidad=nan; region=Nacional,,active,False,SALUD-PRO500-400-5000
3942acd5-5ce6-5f2a-b048-e283792e0de5,843abebc-6ac7-56c9-bc33-b0a9e1418d7d,PRO500-500 WALLET,producto=PRO500-500; variante=Wallet; red=nan; maternidad=nan; region=Nacional,,active,False,SALUD-PRO500-500-WALLET
6c38bd82-3d7a-5305-85a1-35bf5388c02c,843abebc-6ac7-56c9-bc33-b0a9e1418d7d,SKY50PLUS-100,producto=SKY50PLUS-100; variante=Nuevos; red=nan; maternidad=nan; region=Nacional,,active,False,SALUD-SKY50PLUS-100
e6c50d11-b452-583a-b195-26fdbf94231a,843abebc-6ac7-56c9-bc33-b0a9e1418d7d,SKY50PLUS-100 LITE,producto=SKY50PLUS-100; variante=Lite; red=nan; maternidad=nan; region=Nacional,,active,False,SALUD-SKY50PLUS-100-LITE
6a98ac4c-9a88-568b-8ab5-9d515dd8385c,843abebc-6ac7-56c9-bc33-b0a9e1418d7d,SKY50PLUS-100-10000 RET,producto=SKY50PLUS-100; variante=Nuevos; red=nan; maternidad=nan; region=Nacional,,active,False,SALUD-SKY50PLUS-100-10000-RET
ce3ec66f-79ae-50a4-af06-1675bc49b8e9,843abebc-6ac7-56c9-bc33-b0a9e1418d7d,SKY50PLUS-100-1500,producto=SKY50PLUS-100; variante=Nuevos; red=nan; maternidad=nan; region=Nacional,,active,False,SALUD-SKY50PLUS-100-1500
2f504327-90b9-52f0-8209-23815aef0a25,843abebc-6ac7-56c9-bc33-b0a9e1418d7d,SKY50PLUS-100-2500,producto=SKY50PLUS-100; variante=Nuevos; red=nan; maternidad=nan; region=Nacional,,active,False,SALUD-SKY50PLUS-100-2500
709a6a65-df32-5c67-9d13-f3deae2f8d0b,843abebc-6ac7-56c9-bc33-b0a9e1418d7d,SKY50PLUS-100-5000,producto=SKY50PLUS-100; variante=Nuevos; red=nan; maternidad=nan; region=Nacional,,active,False,SALUD-SKY50PLUS-100-5000
2b457d1e-b5c5-5b18-83e2-017c0a26c8c0,843abebc-6ac7-56c9-bc33-b0a9e1418d7d,SKY50PLUS-1000 WALLET,producto=SKY50PLUS-1000; variante=Wallet; red=nan; maternidad=nan; region=Nacional,,active,False,SALUD-SKY50PLUS-1000-WALLET
cca8beed-1e1a-547f-bcdd-36f78a467699,843abebc-6ac7-56c9-bc33-b0a9e1418d7d,SKY50PLUS-1500 WALLET,producto=SKY50PLUS-1500; variante=Wallet; red=nan; maternidad=nan; region=Nacional,,active,False,SALUD-SKY50PLUS-1500-WALLET
3700c4b7-6a4a-5bdd-a8ee-db4d9da4d156,843abebc-6ac7-56c9-bc33-b0a9e1418d7d,SKY50PLUS-200,producto=SKY50PLUS-200; variante=Nuevos; red=nan; maternidad=nan; region=Nacional,,active,False,SALUD-SKY50PLUS-200
98bb3662-459c-5240-8572-2179dd45aa87,843abebc-6ac7-56c9-bc33-b0a9e1418d7d,SKY50PLUS-200 LITE,producto=SKY50PLUS-200; variante=Lite; red=nan; maternidad=nan; region=Nacional,,active,False,SALUD-SKY50PLUS-200-LITE
03d9380d-5f74-5385-b483-d5619aa0ef99,843abebc-6ac7-56c9-bc33-b0a9e1418d7d,SKY50PLUS-200-10000 RET,producto=SKY50PLUS-200; variante=Nuevos; red=nan; maternidad=nan; region=Nacional,,active,False,SALUD-SKY50PLUS-200-10000-RET
35dcc785-e058-50bf-b2ea-7d613e6b5e76,843abebc-6ac7-56c9-bc33-b0a9e1418d7d,SKY50PLUS-200-1500,producto=SKY50PLUS-200; variante=Nuevos; red=nan; maternidad=nan; region=Nacional,,active,False,SALUD-SKY50PLUS-200-1500
6c5e99d5-dc84-52aa-9a96-c1e9cf959965,843abebc-6ac7-56c9-bc33-b0a9e1418d7d,SKY50PLUS-200-2500,producto=SKY50PLUS-200; variante=Nuevos; red=nan; maternidad=nan; region=Nacional,,active,False,SALUD-SKY50PLUS-200-2500
680b528d-8a97-567f-bf42-ac763df1e61f,843abebc-6ac7-56c9-bc33-b0a9e1418d7d,SKY50PLUS-200-5000,producto=SKY50PLUS-200; variante=Nuevos; red=nan; maternidad=nan; region=Nacional,,active,False,SALUD-SKY50PLUS-200-5000
d1e61b0d-31ff-5efa-aacc-22b0443a61d8,843abebc-6ac7-56c9-bc33-b0a9e1418d7d,SKY50PLUS-500,producto=SKY50PLUS-500; variante=Nuevos; red=nan; maternidad=nan; region=Nacional,,active,False,SALUD-SKY50PLUS-500
7a0d9da1-3020-50b3-b196-b29322539bb7,843abebc-6ac7-56c9-bc33-b0a9e1418d7d,SKY50PLUS-500 LITE,producto=SKY50PLUS-500; variante=Lite; red=nan; maternidad=nan; region=Nacional,,active,False,SALUD-SKY50PLUS-500-LITE
1f80c2a5-1709-5cc2-aee8-776c125be7bf,843abebc-6ac7-56c9-bc33-b0a9e1418d7d,SKY50PLUS-500 WALLET,producto=SKY50PLUS-500; variante=Wallet; red=nan; maternidad=nan; region=Nacional,,active,False,SALUD-SKY50PLUS-500-WALLET
39757aa2-ce80-597b-ab1c-b941dd4b5ed6,843abebc-6ac7-56c9-bc33-b0a9e1418d7d,SKY50PLUS-500-10000 RET,producto=SKY50PLUS-500; variante=Nuevos; red=nan; maternidad=nan; region=Nacional,,active,False,SALUD-SKY50PLUS-500-10000-RET
f29848fc-2ee9-5dcc-a933-ed6ec8bbe3fd,843abebc-6ac7-56c9-bc33-b0a9e1418d7d,SKY50PLUS-500-1500,producto=SKY50PLUS-500; variante=Nuevos; red=nan; maternidad=nan; region=Nacional,,active,False,SALUD-SKY50PLUS-500-1500
618b4c26-85a3-5f51-94a4-2081400f7943,843abebc-6ac7-56c9-bc33-b0a9e1418d7d,SKY50PLUS-500-2500,producto=SKY50PLUS-500; variante=Nuevos; red=nan; maternidad=nan; region=Nacional,,active,False,SALUD-SKY50PLUS-500-2500
4bb7e55f-0751-5839-89ee-5a807ff7f800,843abebc-6ac7-56c9-bc33-b0a9e1418d7d,SKY50PLUS-500-5000,producto=SKY50PLUS-500; variante=Nuevos; red=nan; maternidad=nan; region=Nacional,,active,False,SALUD-SKY50PLUS-500-5000
5d02410e-0470-5c36-8114-2085e9a80905,843abebc-6ac7-56c9-bc33-b0a9e1418d7d,SKY70-100,producto=SKY70-100; variante=Nuevos; red=nan; maternidad=nan; region=Nacional,,active,False,SALUD-SKY70-100
92077797-594c-5753-bf3f-1141b0d00703,843abebc-6ac7-56c9-bc33-b0a9e1418d7d,SKY70-100-1500,producto=SKY70-100; variante=Nuevos; red=nan; maternidad=nan; region=Nacional,,active,False,SALUD-SKY70-100-1500
d025b1a8-0b4d-5667-9495-e254cad8deaa,843abebc-6ac7-56c9-bc33-b0a9e1418d7d,SKY70-100-2500,producto=SKY70-100; variante=Nuevos; red=nan; maternidad=nan; region=Nacional,,active,False,SALUD-SKY70-100-2500
3ecd784f-2a02-5020-bf34-e0fc94e1e74b,843abebc-6ac7-56c9-bc33-b0a9e1418d7d,SKY70-100-5000,producto=SKY70-100; variante=Nuevos; red=nan; maternidad=nan; region=Nacional,,active,False,SALUD-SKY70-100-5000
fc274dbf-3778-5e5d-ae96-14e4cdc2f7ed,843abebc-6ac7-56c9-bc33-b0a9e1418d7d,SKY70PLUS-100,producto=SKY70PLUS-100; variante=Nuevos; red=nan; maternidad=nan; region=Nacional,,active,False,SALUD-SKY70PLUS-100
069dfcaa-2071-57f7-a97f-c720ca7c3823,843abebc-6ac7-56c9-bc33-b0a9e1418d7d,SKY70PLUS-100 LITE,producto=SKY70PLUS-100; variante=Lite; red=nan; maternidad=nan; region=Nacional,,active,False,SALUD-SKY70PLUS-100-LITE
b4d51aed-4c18-5ffb-a9e0-e1c94a96e35a,843abebc-6ac7-56c9-bc33-b0a9e1418d7d,SKY70PLUS-100-10000 RET,producto=SKY70PLUS-100; variante=Nuevos; red=nan; maternidad=nan; region=Nacional,,active,False,SALUD-SKY70PLUS-100-10000-RET
c56f134d-98f3-5257-a2ee-28f9095bf101,843abebc-6ac7-56c9-bc33-b0a9e1418d7d,SKY70PLUS-100-1500,producto=SKY70PLUS-100; variante=Nuevos; red=nan; maternidad=nan; region=Nacional,,active,False,SALUD-SKY70PLUS-100-1500
c69f0061-1a70-5b02-b7a1-c98761f93b25,843abebc-6ac7-56c9-bc33-b0a9e1418d7d,SKY70PLUS-100-2500,producto=SKY70PLUS-100; variante=Nuevos; red=nan; maternidad=nan; region=Nacional,,active,False,SALUD-SKY70PLUS-100-2500
5f906884-c977-511c-931b-eb2462765003,843abebc-6ac7-56c9-bc33-b0a9e1418d7d,SKY70PLUS-100-5000,producto=SKY70PLUS-100; variante=Nuevos; red=nan; maternidad=nan; region=Nacional,,active,False,SALUD-SKY70PLUS-100-5000
b0b60767-2377-57af-90e5-ca4cc6994f4b,843abebc-6ac7-56c9-bc33-b0a9e1418d7d,SKY70PLUS-1000 WALLET,producto=SKY70PLUS-1000; variante=Wallet; red=nan; maternidad=nan; region=Nacional,,active,False,SALUD-SKY70PLUS-1000-WALLET
687fcf19-fc20-51a7-8efb-8632c3ceb746,843abebc-6ac7-56c9-bc33-b0a9e1418d7d,SKY70PLUS-1500 WALLET,producto=SKY70PLUS-1500; variante=Wallet; red=nan; maternidad=nan; region=Nacional,,active,False,SALUD-SKY70PLUS-1500-WALLET
2f227e72-ba11-5985-ac58-0cd4a9547fe1,843abebc-6ac7-56c9-bc33-b0a9e1418d7d,SKY70PLUS-200,producto=SKY70PLUS-200; variante=Nuevos; red=nan; maternidad=nan; region=Nacional,,active,False,SALUD-SKY70PLUS-200
04694064-fb58-52d7-b876-e597592ab9b4,843abebc-6ac7-56c9-bc33-b0a9e1418d7d,SKY70PLUS-200 LITE,producto=SKY70PLUS-200; variante=Lite; red=nan; maternidad=nan; region=Nacional,,active,False,SALUD-SKY70PLUS-200-LITE
b741b63f-f777-5de7-840a-677fb84f6b9f,843abebc-6ac7-56c9-bc33-b0a9e1418d7d,SKY70PLUS-200-10000 RET,producto=SKY70PLUS-200; variante=Nuevos; red=nan; maternidad=nan; region=Nacional,,active,False,SALUD-SKY70PLUS-200-10000-RET
9ea354ef-fc07-5ac8-bbde-c3d0744beb4c,843abebc-6ac7-56c9-bc33-b0a9e1418d7d,SKY70PLUS-200-1500,producto=SKY70PLUS-200; variante=Nuevos; red=nan; maternidad=nan; region=Nacional,,active,False,SALUD-SKY70PLUS-200-1500
87c81275-656f-5419-9c9e-72cdc80aea13,843abebc-6ac7-56c9-bc33-b0a9e1418d7d,SKY70PLUS-200-2500,producto=SKY70PLUS-200; variante=Nuevos; red=nan; maternidad=nan; region=Nacional,,active,False,SALUD-SKY70PLUS-200-2500
b911b327-97e7-51bb-abc0-632652c2a7d7,843abebc-6ac7-56c9-bc33-b0a9e1418d7d,SKY70PLUS-200-5000,producto=SKY70PLUS-200; variante=Nuevos; red=nan; maternidad=nan; region=Nacional,,active,False,SALUD-SKY70PLUS-200-5000
5fa4d1d6-77fe-5aff-8a18-5cd3f4db44f3,843abebc-6ac7-56c9-bc33-b0a9e1418d7d,SKY70PLUS-500,producto=SKY70PLUS-500; variante=Nuevos; red=nan; maternidad=nan; region=Nacional,,active,False,SALUD-SKY70PLUS-500
888767bc-6861-5512-ad2f-9ea764521dbd,843abebc-6ac7-56c9-bc33-b0a9e1418d7d,SKY70PLUS-500 LITE,producto=SKY70PLUS-500; variante=Lite; red=nan; maternidad=nan; region=Nacional,,active,False,SALUD-SKY70PLUS-500-LITE
36624e63-8fd8-5c88-9a25-e1679f33ff81,843abebc-6ac7-56c9-bc33-b0a9e1418d7d,SKY70PLUS-500 WALLET,producto=SKY70PLUS-500; variante=Wallet; red=nan; maternidad=nan; region=Nacional,,active,False,SALUD-SKY70PLUS-500-WALLET
18ddb88e-5542-5f69-9a98-51991fe6655d,843abebc-6ac7-56c9-bc33-b0a9e1418d7d,SKY70PLUS-500-10000 RET,producto=SKY70PLUS-500; variante=Nuevos; red=nan; maternidad=nan; region=Nacional,,active,False,SALUD-SKY70PLUS-500-10000-RET
8bd2648e-caa2-514f-9d25-e17e97def044,843abebc-6ac7-56c9-bc33-b0a9e1418d7d,SKY70PLUS-500-1500,producto=SKY70PLUS-500; variante=Nuevos; red=nan; maternidad=nan; region=Nacional,,active,False,SALUD-SKY70PLUS-500-1500
7569290c-8fce-5b7d-8b8f-85801285c743,843abebc-6ac7-56c9-bc33-b0a9e1418d7d,SKY70PLUS-500-2500,producto=SKY70PLUS-500; variante=Nuevos; red=nan; maternidad=nan; region=Nacional,,active,False,SALUD-SKY70PLUS-500-2500
6173e122-c77f-5789-914b-adaec0c6cd04,843abebc-6ac7-56c9-bc33-b0a9e1418d7d,SKY70PLUS-500-5000,producto=SKY70PLUS-500; variante=Nuevos; red=nan; maternidad=nan; region=Nacional,,active,False,SALUD-SKY70PLUS-500-5000
75a713ef-0822-5638-91c1-1ccd5ac42264,843abebc-6ac7-56c9-bc33-b0a9e1418d7d,STAR15-70,producto=STAR15-70; variante=Nuevos; red=nan; maternidad=nan; region=Nacional,,active,False,SALUD-STAR15-70
2c8bc525-0669-577c-bff6-379fb2a94c0b,843abebc-6ac7-56c9-bc33-b0a9e1418d7d,STAR15-70 LITE,producto=STAR15-70; variante=Lite; red=nan; maternidad=nan; region=Nacional,,active,False,SALUD-STAR15-70-LITE
cca91b29-d969-57f5-afc6-88a8dfd931d5,843abebc-6ac7-56c9-bc33-b0a9e1418d7d,STAR15-70-10000 RET,producto=STAR15-70; variante=Nuevos; red=nan; maternidad=nan; region=Nacional,,active,False,SALUD-STAR15-70-10000-RET
89a92818-f189-5175-9942-730765cdb1d3,843abebc-6ac7-56c9-bc33-b0a9e1418d7d,STAR15-70-1500,producto=STAR15-70; variante=Nuevos; red=nan; maternidad=nan; region=Nacional,,active,False,SALUD-STAR15-70-1500
8921cbda-3173-55a1-91fa-85278dd84525,843abebc-6ac7-56c9-bc33-b0a9e1418d7d,STAR15-70-2500,producto=STAR15-70; variante=Nuevos; red=nan; maternidad=nan; region=Nacional,,active,False,SALUD-STAR15-70-2500
6327d028-01e2-562c-82d0-ad27d2b074f7,843abebc-6ac7-56c9-bc33-b0a9e1418d7d,STAR15-70-5000 RET,producto=STAR15-70; variante=Nuevos; red=nan; maternidad=nan; region=Nacional,,active,False,SALUD-STAR15-70-5000-RET
b1fd72a0-f12b-51cb-bb09-cbffd8663ef9,843abebc-6ac7-56c9-bc33-b0a9e1418d7d,STAR30-90,producto=STAR30-90; variante=Nuevos; red=nan; maternidad=nan; region=Nacional,,active,False,SALUD-STAR30-90
e929db13-8d0d-536a-8fe7-371ee5eb66c6,843abebc-6ac7-56c9-bc33-b0a9e1418d7d,STAR30-90 LITE,producto=STAR30-90; variante=Lite; red=nan; maternidad=nan; region=Nacional,,active,False,SALUD-STAR30-90-LITE
0b82f2a2-41de-5cdd-83a4-c6bfa5283770,843abebc-6ac7-56c9-bc33-b0a9e1418d7d,STAR30-90-10000 RET,producto=STAR30-90; variante=Nuevos; red=nan; maternidad=nan; region=Nacional,,active,False,SALUD-STAR30-90-10000-RET
b7a3dd50-8e00-541c-8540-fa1f8f41ce69,843abebc-6ac7-56c9-bc33-b0a9e1418d7d,STAR30-90-1500,producto=STAR30-90; variante=Nuevos; red=nan; maternidad=nan; region=Nacional,,active,False,SALUD-STAR30-90-1500
225007bd-b5db-5eed-a75c-6b13c4758a6c,843abebc-6ac7-56c9-bc33-b0a9e1418d7d,STAR30-90-2500,producto=STAR30-90; variante=Nuevos; red=nan; maternidad=nan; region=Nacional,,active,False,SALUD-STAR30-90-2500
ff02108e-adb1-5565-a97f-6b9ce5fcf47c,843abebc-6ac7-56c9-bc33-b0a9e1418d7d,STAR30-90-5000,producto=STAR30-90; variante=Nuevos; red=nan; maternidad=nan; region=Nacional,,active,False,SALUD-STAR30-90-5000
